curve,sigma,mse,se,ratio_to_wiener,ratio_se,selected_param,n_images
linear,0.0002,0.00012294220455515346,9.857782492859828e-08,1.0,0.0,,1000
linear,0.0005,0.0007716933612186775,7.159171534668719e-07,1.0,0.0,,1000
linear,0.001,0.00312627446510606,5.716788691688309e-06,1.0,0.0,,1000
linear,0.002,0.012749665836546306,5.6133336369620294e-05,1.0,0.0,,1000
linear,0.005,0.07683278533629907,0.000660973224872783,1.0,0.0,,1000
linear,0.01,0.2643457282977695,0.0026235419558122927,1.0,0.0,,1000
linear,0.02,0.8170093060236227,0.007769458846340728,1.0,0.0,,1000
linear,0.05,3.1616756857651045,0.025890488868591036,1.0,0.0,,1000
linear,0.127,10.223496636788893,0.07626829137830012,1.0,0.0,,1000
linear,0.452,35.257825427657096,0.26853292464476686,1.0,0.0,,1000
linear,0.621,45.2014011463647,0.3587993549245019,1.0,0.0,,1000
linear,0.853,57.13393659921245,0.46107855473795945,1.0,0.0,,1000
linear,1.172,70.89641139751562,0.5920825345349311,1.0,0.0,,1000
linear,1.61,85.8855795700331,0.7076221875384706,1.0,0.0,,1000
linear,2.212,101.8214142303607,0.9404746795880013,1.0,0.0,,1000
linear,5.0,147.2418603483276,1.4967456478591974,1.0,0.0,,1000
linear,10.0,173.90874238434165,1.9049360275875478,1.0,0.0,,1000
linear,20.0,187.47274693412177,2.10822919303248,1.0,0.0,,1000
linear,40.0,191.51637673229516,2.2104670257196317,1.0,0.0,,1000
global_insample,0.0002,0.0,0.0,0.0,nan,,1000
global_insample,0.0005,0.0,0.0,0.0,nan,,1000
global_insample,0.001,0.0,0.0,0.0,nan,,1000
global_insample,0.002,0.0,0.0,0.0,nan,,1000
global_insample,0.005,0.0,0.0,0.0,nan,,1000
global_insample,0.01,0.0,0.0,0.0,nan,,1000
global_insample,0.02,0.0,0.0,0.0,nan,,1000
global_insample,0.05,0.0,0.0,0.0,nan,,1000
global_insample,0.127,0.0,0.0,0.0,nan,,1000
global_insample,0.452,2.786854274563968e-07,2.7868534449317357e-07,8.59526012686347e-09,nan,,1000
global_insample,0.621,0.0004897630005737762,0.0004897627560564421,1.1798596555832205e-05,nan,,1000
global_insample,0.853,0.02111781877961431,0.014980350039504016,0.0004018294281753696,nan,,1000
global_insample,1.172,0.005149534666281182,0.0036787988117588807,7.925710734186188e-05,nan,,1000
global_insample,1.61,1.663490624679222,0.3291242013460581,0.02106426517512322,nan,,1000
global_insample,2.212,21.296896462897397,1.301740700300889,0.22435745772469853,nan,,1000
global_insample,5.0,133.8870134746952,1.6073654516496911,0.9619596528877933,nan,,1000
global_insample,10.0,169.2898068650324,2.0708526204378015,0.9984195441174252,nan,,1000
global_insample,20.0,182.51701460740534,2.3824516341137434,1.0003896059458994,nan,,1000
global_insample,40.0,186.92499476497107,2.475772608890543,0.9998939182946943,nan,,1000
global_heldout,0.0002,123.73593700952149,1.2335319540359415,1006456.1430083349,10033.429603458899,,1000
global_heldout,0.0005,123.73593700952149,1.2335319540359415,160343.39962976304,1598.4741662438057,,1000
global_heldout,0.001,123.73593700952149,1.2335319540359415,39579.35823952799,394.56901441391216,,1000
global_heldout,0.002,123.73596103029504,1.2335326638444382,9705.03561556977,96.74936640141041,,1000
global_heldout,0.005,123.73630847954952,1.233542102683436,1610.4623558543728,16.05320180880213,,1000
global_heldout,0.01,123.73756878394855,1.2335451741179315,468.08991233089137,4.664343137620523,,1000
global_heldout,0.02,123.74248137005817,1.2336140281970596,151.45786034226683,1.5076191524207347,,1000
global_heldout,0.05,123.75365274331435,1.2338302637696075,39.141792214961725,0.3875053437848411,,1000
global_heldout,0.127,123.80072898092216,1.2374627676058234,12.109431183791814,0.11753754402281387,,1000
global_heldout,0.452,124.07231298616362,1.2654117181916227,3.519000717748131,0.03138714662460212,,1000
global_heldout,0.621,124.30677464545492,1.2691602550169148,2.750064632796283,0.02328520376606365,,1000
global_heldout,0.853,123.75681184208011,1.3241437776396976,2.166082353299388,0.018348804757931,,1000
global_heldout,1.172,124.77912673533955,1.4048821238755997,1.7600203490653985,0.014880209819342497,,1000
global_heldout,1.61,124.97507413175894,1.3685221644197803,1.455134549448448,0.011592917634172068,,1000
global_heldout,2.212,127.59260357170388,1.4567525359202538,1.2531018601159718,0.009534504694203146,,1000
global_heldout,5.0,148.90930351466795,1.5396045363791153,1.0113245184650324,0.002295739171038786,,1000
global_heldout,10.0,174.06563569864113,1.9101479362952136,1.0009021588687748,0.0006986988187123932,,1000
global_heldout,20.0,187.48644674930938,2.106930211982626,1.0000730763026182,0.0002404886860133338,,1000
global_heldout,40.0,191.50452567816373,2.2097810145724415,0.9999381198917104,6.30688716902413e-05,,1000
luk,0.0002,1.672756992620348e-06,2.1411924598248638e-07,0.013606043576922583,0.0019049455095776424,0.005|global,1000
luk,0.0005,4.72238311681441e-06,2.666462762126235e-07,0.006119507247485847,0.000952662341113443,0.01|global,1000
luk,0.001,0.0017862231199520155,3.69418236193911e-06,0.571358381961968,0.0017882528369827719,0.05|global,1000
luk,0.002,0.012313121985317007,1.123314669062035e-05,0.9657603691872482,0.0043520749608401904,0.2|global,1000
luk,0.005,0.0765735651350314,6.669376701226359e-05,0.9966261772219625,0.008591220047038372,0.5|global,1000
luk,0.01,0.3044963833272871,0.0002682995004225819,1.1518869069232334,0.00996363713804468,1|global,1000
luk,0.02,1.0709193523467335,0.007446907886677751,1.3107798704997486,0.0073028329655712865,0.3|global,1000
luk,0.05,3.9173366600833646,0.030799948099954743,1.2390064792921338,0.004201713158512905,0.2|global,1000
luk,0.127,10.776381350852699,0.07995019043729099,1.0540798059319811,0.0029118754420657932,0.1|global,1000
luk,0.452,35.666658639848755,0.27229309227278264,1.011595531126289,0.0025147383255600935,0.05|global,1000
luk,0.621,45.67996824408894,0.35694205453073063,1.0105874394507066,0.0024556238065972158,0.05|global,1000
luk,0.853,57.943729624189515,0.4600356178857716,1.0141735905694311,0.0023303796691197917,0.05|global,1000
luk,1.172,71.87208250227106,0.5875745331821712,1.0137619251175474,0.0021715481866194206,0.05|global,1000
luk,1.61,86.94820341335728,0.6998248257606405,1.0123725525128195,0.0019465057823416841,0.05|global,1000
luk,2.212,102.83158856930281,0.9323584338762377,1.0099210401522876,0.0018929080763251545,0.05|global,1000
luk,5.0,147.2592826366831,1.5023282746509796,1.0001183242884482,0.0011476415816858857,0.05|global,1000
luk,10.0,174.03239081740716,1.9098652135781393,1.0007109960739768,0.0006078109703084859,0.02|global,1000
luk,20.0,187.95414948968434,2.098205801216559,1.0025678535330351,0.0010675160352004714,0.2|global,1000
luk,40.0,192.13857522387664,2.1929213717469045,1.003248800453505,0.002133253267438896,1|global,1000
ls,0.0002,0.27181991045999465,0.012700727860323323,2210.9568593106915,103.30645315523077,1,1000
ls,0.0005,0.27169879949735787,0.01269983285115135,352.08129699118354,16.456797787188393,1,1000
ls,0.001,0.2716586909648334,0.01270418695708186,86.89534268246575,4.062649245888779,1,1000
ls,0.002,0.2726502599464753,0.012697383287159086,21.384894587977072,0.9930844171834918,1,1000
ls,0.005,0.29871894304626984,0.012592385062348744,3.8879098517484345,0.15831144039471814,1,1000
ls,0.01,0.4500184138000845,0.012204167990930282,1.7023857986960393,0.04011793991521633,1,1000
ls,0.02,1.0984625663400074,0.012211053938638528,1.3444921107278636,0.010782391430266016,1,1000
ls,0.05,4.993514753081204,0.029045665034271067,1.579388668978174,0.008001888644370769,1,1000
ls,0.127,11.558967389654532,0.09291072156224185,1.1306275925264155,0.0035640528334871116,3,1000
ls,0.452,36.00877214750412,0.25066702647267713,1.0212987247721173,0.0033869132527825727,5,1000
ls,0.621,46.42653838995131,0.34515190535108325,1.0271039660832535,0.0031209189286055634,7,1000
ls,0.853,59.280573219653974,0.45101451158936473,1.0375720062053473,0.002980137470443772,9,1000
ls,1.172,73.60872006502049,0.5738574372919021,1.0382573477844594,0.0029186901465168636,11,1000
ls,1.61,90.06786933399358,0.7063700893853129,1.0486960649843453,0.0027677712151373633,15,1000
ls,2.212,106.5326966741108,0.9447038263836041,1.0462700550700592,0.0026871351077584833,19,1000
ls,5.0,150.2821941083987,1.4961401747113827,1.0206485693190688,0.002191503674453883,31,1000
ls,10.0,175.91883149844466,1.9010287555514742,1.011558298257719,0.0019029496642857518,31,1000
ls,20.0,187.8323922836357,2.1039341521997725,1.00191838736774,0.0011939634031796057,31,1000
ls,40.0,192.12441862171795,2.192579667151653,1.0031748819594302,0.00212049333993616,1,1000
unet-10000_split1,0.0002,0.00012877263870289085,1.2235522358951654e-07,1.0474241873962964,0.0005561853541119845,,1000
unet-10000_split1,0.0005,0.000807057596381074,8.80314563779876e-07,1.0458267971964257,0.0006172824440115109,,1000
unet-10000_split1,0.001,0.00320950469280009,4.602591300556708e-06,1.0266228153103654,0.0012284540341168768,,1000
unet-10000_split1,0.002,0.012464294855502406,2.792745580317556e-05,0.9776173756471406,0.0033413249786851816,,1000
unet-10000_split1,0.005,0.07359176673048888,0.0002723351050757111,0.9578172444012778,0.0066958422235907184,,1000
unet-10000_split1,0.01,0.29528107844687007,0.0012852889938371186,1.1170261019472718,0.0073767601857798615,,1000
unet-10000_split1,0.02,1.2014189264560575,0.0057941908360540145,1.4705082519847334,0.006432639067618854,,1000
unet-10000_split1,0.05,6.329045881230728,0.038129712742757935,2.0018011049413316,0.007460882803562935,,1000
unet-10000_split1,0.127,22.45023481519777,0.18215447986102606,2.195944852606631,0.012396415606119643,,1000
unet-10000_split1,0.452,49.78999073969938,0.49665862855252846,1.4121685082893087,0.008462988005038025,,1000
unet-10000_split1,0.621,55.74475119625257,0.5649660912265698,1.2332527262981938,0.006723063760758131,,1000
unet-10000_split1,0.853,62.83115276743576,0.608052396579184,1.0997168496928293,0.005083058368426646,,1000
unet-10000_split1,1.172,72.19218239259213,0.6906682466130104,1.0182769616900795,0.004206907786596265,,1000
unet-10000_split1,1.61,84.59031378765495,0.7332644028877188,0.9849187047597209,0.003287784804985588,,1000
unet-10000_split1,2.212,100.06567874826133,0.9346114768483115,0.9827567167931178,0.0026583069916479604,,1000
unet-10000_split1,5.0,147.43808220816192,1.5121376905784834,1.0013326499636048,0.002012929638943499,,1000
unet-10000_split1,10.0,174.72536282097386,1.9618515222877553,1.0046956836409493,0.0021732444711871305,,1000
unet-10000_split1,20.0,187.87354691079506,2.1823317295969353,1.0021379106202253,0.002074913068683873,,1000
unet-10000_split1,40.0,193.2709789727185,2.349400974239105,1.0091616303021227,0.0026606731055428432,,1000
unet-full,0.0002,0.00012436036424542704,1.0031585383711988e-07,1.0115351737461107,0.00018551371904208314,,1000
unet-full,0.0005,0.0007669134586216196,6.374109817853433e-07,0.9938059560477371,0.00043345819826525573,,1000
unet-full,0.001,0.0029671133635739365,3.1077572143345324e-06,0.9490892103976789,0.0014066545043297973,,1000
unet-full,0.002,0.010849344175466612,2.0593528567986063e-05,0.8509512574335467,0.0036840397914163635,,1000
unet-full,0.005,0.05306799722935958,0.0001964943340952144,0.6906946949414835,0.007283223398969443,,1000
unet-full,0.01,0.16146243097599752,0.0007793655333847776,0.6108002274737719,0.008357283474702307,,1000
unet-full,0.02,0.436139191126643,0.0025111196927179637,0.5338240187854515,0.007917307983958056,,1000
unet-full,0.05,1.171438452158787,0.008315164524108314,0.3705118957750743,0.006819586978989142,,1000
unet-full,0.127,2.5208871812737916,0.019856636288726196,0.24657778750593684,0.00652018670340009,,1000
unet-full,0.452,11.747909863052014,0.1315224531794004,0.33320006893665843,0.007727525371459222,,1000
unet-full,0.621,19.328264925007204,0.23895522000995129,0.4276032254491666,0.008275384081109182,,1000
unet-full,0.853,32.3651626806468,0.3870473186232246,0.5664787796381762,0.008617489552841515,,1000
unet-full,1.172,51.441172409871456,0.5498803704766977,0.7255821754001229,0.007751541276440396,,1000
unet-full,1.61,73.44074437653084,0.6599114242953906,0.8550998286813161,0.005989386940207764,,1000
unet-full,2.212,95.39801448528648,0.9204913591447262,0.936915040970243,0.003980888070609049,,1000
unet-full,5.0,147.97341497947608,1.5415608731591148,1.0049683875863686,0.002232224139791959,,1000
unet-full,10.0,175.23123470096382,1.9617389283088933,1.0076045188901397,0.001986183431501567,,1000
unet-full,20.0,190.1067498132725,2.1833806127426185,1.0140500575269018,0.0022716092448765166,,1000
unet-full,40.0,195.77495453129086,2.3259838653499054,1.0222361025811824,0.0027619437074281198,,1000
